term_group,term,mean_coef,mean_coef_pct_points,median_coef_pct_points,num_year_pairs,mean_nobs
age,I(age_t ** 2),-1.0275437759210617e-06,-0.00010275437759210618,-0.00021021111055472783,9,3408.1111111111113
age,age_t,-3.4796348777525365e-05,-0.0034796348777525418,0.013705843495440942,9,3408.1111111111113
earnings,np.log(earnwke_t),-0.005420575891776272,-0.5420575891776273,-0.6945419004905827,9,3408.1111111111113
education,C(grade92_t)[T.32],0.02532634724310866,2.5326347243108662,2.215061583455682,9,3408.1111111111113
education,C(grade92_t)[T.33],0.034320226271521585,3.432022627152158,0.17921550327459979,9,3408.1111111111113
education,C(grade92_t)[T.34],0.04265534657896885,4.265534657896884,2.2613155777320917,9,3408.1111111111113
education,C(grade92_t)[T.35],0.02754479597682738,2.7544795976827374,0.7587707939440894,9,3408.1111111111113
education,C(grade92_t)[T.36],0.04253244936614714,4.253244936614713,3.183586371754929,9,3408.1111111111113
education,C(grade92_t)[T.37],0.029394083282619905,2.9394083282619907,1.1391131066984366,9,3408.1111111111113
education,C(grade92_t)[T.38],0.04939274201912102,4.939274201912102,3.162364613465032,9,3408.1111111111113
education,C(grade92_t)[T.39],0.04336164688912158,4.336164688912159,3.318805396895122,9,3408.1111111111113
education,C(grade92_t)[T.40],0.04658008124058183,4.658008124058182,3.053348212714141,9,3408.1111111111113
education,C(grade92_t)[T.41],0.04609354648059818,4.609354648059817,3.462185957844225,9,3408.1111111111113
education,C(grade92_t)[T.42],0.04409701004562919,4.409701004562917,2.46422057429573,9,3408.1111111111113
education,C(grade92_t)[T.43],0.04692694106929086,4.6926941069290855,2.9122304882436874,9,3408.1111111111113
education,C(grade92_t)[T.44],0.053838580677238505,5.3838580677238514,3.972402488374347,9,3408.1111111111113
education,C(grade92_t)[T.45],0.043034798895345325,4.3034798895345325,2.6424015726387475,9,3408.1111111111113
education,C(grade92_t)[T.46],0.061498985155550315,6.149898515555032,4.825322044509744,9,3408.1111111111113
ethnicity_hispanic,C(ethnic_t)[T.2.0],0.011409590215593493,1.1409590215593495,0.8298938156676878,9,3408.1111111111113
ethnicity_hispanic,C(ethnic_t)[T.3.0],-0.038880715836843986,-3.8880715836843986,-2.064387093103531,9,3408.1111111111113
ethnicity_hispanic,C(ethnic_t)[T.4.0],0.002224552822391478,0.2224552822391478,0.07471918877683001,8,3429.625
ethnicity_hispanic,C(ethnic_t)[T.5.0],-0.023504280632251386,-2.3504280632251384,-2.675071428699048,9,3408.1111111111113
ethnicity_hispanic,C(ethnic_t)[T.6.0],-0.02218242590078338,-2.218242590078338,-2.236488914197754,3,3133.0
ethnicity_hispanic,C(ethnic_t)[T.7.0],-0.013218926743447969,-1.3218926743447967,-2.108867972087753,3,3133.0
ethnicity_hispanic,C(ethnic_t)[T.8.0],-0.03260886856340831,-3.260886856340831,-3.6705695276403967,3,3133.0
ethnicity_hispanic,C(ethnic_t)[T.MISSING],0.0020084256831852066,0.20084256831852065,0.07196077760990155,9,3408.1111111111113
industry,C(ind02_t)[T.1080.0],0.005640948112341011,0.5640948112341011,0.10295882815624431,8,3471.625
industry,C(ind02_t)[T.1090.0],-0.000279831557748916,-0.027983155774891688,0.7018794506122313,8,3426.25
industry,C(ind02_t)[T.1170.0],-0.0006407340683137313,-0.06407340683137308,0.09050957189507841,9,3408.1111111111113
industry,C(ind02_t)[T.1180.0],0.015609304192193831,1.5609304192193831,0.7778027275142757,9,3408.1111111111113
industry,C(ind02_t)[T.1190.0],-0.007247546462813071,-0.7247546462813073,0.2515342889859504,9,3408.1111111111113
industry,C(ind02_t)[T.1270.0],0.015349224141474414,1.5349224141474416,0.9186483364573277,9,3408.1111111111113
industry,C(ind02_t)[T.1280.0],0.006674239135980966,0.6674239135980966,0.5168199943916457,9,3408.1111111111113
industry,C(ind02_t)[T.1290.0],0.010711356732651604,1.0711356732651605,1.2988330323708224,8,3377.25
industry,C(ind02_t)[T.1370.0],0.007791357112583969,0.7791357112583969,0.08409270966655627,9,3408.1111111111113
industry,C(ind02_t)[T.1390.0],0.00512723052703886,0.512723052703886,0.4922994562592715,4,3287.25
industry,C(ind02_t)[T.1480.0],0.006713281041508581,0.6713281041508582,-0.02302458518320073,7,3501.4285714285716
industry,C(ind02_t)[T.1490.0],0.002040797602825553,0.2040797602825553,0.2040797602825553,2,3652.0
industry,C(ind02_t)[T.1590.0],-0.007907170593426412,-0.7907170593426411,-0.041982422959639665,8,3396.0
industry,C(ind02_t)[T.1670.0],0.008659865454542847,0.8659865454542847,0.8659865454542847,2,3567.0
industry,C(ind02_t)[T.1680.0],0.0028863664490033527,0.28863664490033536,0.4840258063517941,9,3408.1111111111113
industry,C(ind02_t)[T.1690.0],-0.0231856890828,-2.31856890828,-2.5307550936935925,4,3371.25
industry,C(ind02_t)[T.170.0],0.009216626479808612,0.9216626479808612,0.32323312803251525,9,3408.1111111111113
industry,C(ind02_t)[T.1770.0],0.011802231250604384,1.1802231250604382,1.07466695150906,4,3423.5
industry,C(ind02_t)[T.1790.0],0.00935369205531404,0.935369205531404,0.6726162315691324,8,3377.25
industry,C(ind02_t)[T.180.0],-0.005637242015744796,-0.5637242015744796,-1.0234924833593975,9,3408.1111111111113
industry,C(ind02_t)[T.1870.0],-0.008620289113746635,-0.8620289113746635,-1.0720095524959914,9,3408.1111111111113
industry,C(ind02_t)[T.1880.0],0.044260752624666076,4.4260752624666075,0.5658202489976025,9,3408.1111111111113
industry,C(ind02_t)[T.1890.0],0.005036594940567427,0.5036594940567427,0.5938699545972101,9,3408.1111111111113
industry,C(ind02_t)[T.190.0],0.048676133040884126,4.867613304088413,4.867613304088413,1,3649.0
industry,C(ind02_t)[T.1990.0],0.011472988603007621,1.1472988603007623,0.5781270102504236,9,3408.1111111111113
industry,C(ind02_t)[T.2070.0],0.0021249923384692353,0.21249923384692357,0.5474673376945327,9,3408.1111111111113
industry,C(ind02_t)[T.2090.0],-0.014548539410551967,-1.4548539410551968,-0.7779931919712456,4,3246.75
industry,C(ind02_t)[T.2170.0],0.012148972859591899,1.2148972859591902,0.4494255794509212,9,3408.1111111111113
industry,C(ind02_t)[T.2180.0],-0.007780609647020681,-0.7780609647020681,0.8772545068985554,5,3277.0
industry,C(ind02_t)[T.2190.0],0.014632834666344595,1.4632834666344596,1.3588699603954222,9,3408.1111111111113
industry,C(ind02_t)[T.2270.0],-0.004889181308834687,-0.4889181308834687,0.09457142280259344,9,3408.1111111111113
industry,C(ind02_t)[T.2280.0],0.03344231063924941,3.344231063924942,0.6612476808995629,9,3408.1111111111113
industry,C(ind02_t)[T.2290.0],0.00860131573870631,0.8601315738706309,0.49064966392735976,9,3408.1111111111113
industry,C(ind02_t)[T.2370.0],0.02054708613045766,2.0547086130457664,0.48625556279912696,9,3408.1111111111113
industry,C(ind02_t)[T.2380.0],-0.004439696998641903,-0.4439696998641902,-0.13991933082246893,9,3408.1111111111113
industry,C(ind02_t)[T.2390.0],0.0017744491666830471,0.17744491666830473,0.49080735042628926,7,3505.285714285714
industry,C(ind02_t)[T.2470.0],0.015836692389950568,1.5836692389950568,1.462283171430643,7,3491.714285714286
industry,C(ind02_t)[T.2480.0],-0.003052653928686378,-0.3052653928686378,-1.019723998333415,5,3340.6
industry,C(ind02_t)[T.2490.0],-0.0023581454148254573,-0.23581454148254574,-0.07203440323599887,9,3408.1111111111113
industry,C(ind02_t)[T.2570.0],0.01710003711653384,1.710003711653384,-0.1011337022206471,8,3429.625
industry,C(ind02_t)[T.2590.0],-0.004219274231640501,-0.42192742316405,-0.6704075971357369,9,3408.1111111111113
industry,C(ind02_t)[T.2670.0],0.006294038712861613,0.6294038712861612,-0.46287858455814945,9,3408.1111111111113
industry,C(ind02_t)[T.2680.0],0.001207811199749126,0.12078111997491257,0.41101445536801884,7,3455.0
industry,C(ind02_t)[T.2690.0],0.018035345923125338,1.8035345923125339,0.4338995413675637,7,3443.714285714286
industry,C(ind02_t)[T.270.0],0.03222346612430537,3.2223466124305378,3.8365776782709604,3,3241.3333333333335
industry,C(ind02_t)[T.2770.0],0.002412997203469515,0.24129972034695146,0.12204841834244509,9,3408.1111111111113
industry,C(ind02_t)[T.2780.0],0.009665279222108919,0.9665279222108918,0.40499541737727146,9,3408.1111111111113
industry,C(ind02_t)[T.2790.0],0.0034283865932497803,0.34283865932497803,0.21445615133709384,9,3408.1111111111113
industry,C(ind02_t)[T.280.0],-0.1696453918380319,-16.96453918380319,-16.96453918380319,1,2900.0
industry,C(ind02_t)[T.2870.0],-0.0018745448041781801,-0.18745448041781795,-0.37606015906257967,9,3408.1111111111113
industry,C(ind02_t)[T.2880.0],0.003918712574314341,0.3918712574314342,0.2551197276033368,9,3408.1111111111113
industry,C(ind02_t)[T.2890.0],0.00703672673820908,0.7036726738209079,1.3049410061025284,9,3408.1111111111113
industry,C(ind02_t)[T.290.0],0.0692362130879922,6.923621308799221,0.8419474945732579,7,3446.285714285714
industry,C(ind02_t)[T.2970.0],-0.012592174212359851,-1.2592174212359852,-1.615163806661282,9,3408.1111111111113
industry,C(ind02_t)[T.2980.0],0.029173096160637593,2.9173096160637595,0.6527677314078901,9,3408.1111111111113
industry,C(ind02_t)[T.2990.0],0.047613236827580334,4.761323682758033,0.7335255376049664,8,3471.625
industry,C(ind02_t)[T.3070.0],0.002064392195902679,0.2064392195902679,0.17955059405636659,9,3408.1111111111113
industry,C(ind02_t)[T.3080.0],0.0016953682983135918,0.16953682983135918,0.1714181803409143,9,3408.1111111111113
industry,C(ind02_t)[T.3090.0],0.0184975235945248,1.8497523594524798,0.34170265705871256,6,3545.6666666666665
industry,C(ind02_t)[T.3095.0],0.010731705571672396,1.0731705571672394,1.4286948969522695,3,3133.0
industry,C(ind02_t)[T.3170.0],0.005238771347986843,0.5238771347986843,0.48760018481083706,9,3408.1111111111113
industry,C(ind02_t)[T.3180.0],-0.01000268796525159,-1.0002687965251589,-0.783825341627498,9,3408.1111111111113
industry,C(ind02_t)[T.3190.0],0.006097623412459311,0.6097623412459311,0.3725614949609054,9,3408.1111111111113
industry,C(ind02_t)[T.3290.0],-0.003920572814236507,-0.3920572814236507,-0.3920572814236507,1,3546.0
industry,C(ind02_t)[T.3360.0],-0.008191890314450386,-0.8191890314450386,-0.8430668947173694,6,3545.6666666666665
industry,C(ind02_t)[T.3365.0],0.021696211380450112,2.169621138045011,1.732351059843213,3,3133.0
industry,C(ind02_t)[T.3370.0],0.013787219974878787,1.3787219974878788,0.40657515469256034,9,3408.1111111111113
industry,C(ind02_t)[T.3380.0],0.0018235700565316865,0.18235700565316865,0.363502813907156,9,3408.1111111111113
industry,C(ind02_t)[T.3390.0],0.011564295164720259,1.156429516472026,0.7046335652119062,9,3408.1111111111113
industry,C(ind02_t)[T.3470.0],-0.0009883620100534032,-0.0988362010053403,-0.008564577197264778,7,3393.5714285714284
industry,C(ind02_t)[T.3490.0],-0.002069685944297551,-0.20696859442975513,-0.43412611651810273,9,3408.1111111111113
industry,C(ind02_t)[T.3570.0],-0.0003498354131420103,-0.034983541314201054,-0.28399990896217797,9,3408.1111111111113
industry,C(ind02_t)[T.3580.0],-0.0024054379849943407,-0.24054379849943405,-0.09571498638417694,9,3408.1111111111113
industry,C(ind02_t)[T.3590.0],-0.0012158531173333564,-0.12158531173333564,-0.104144895332315,8,3429.625
industry,C(ind02_t)[T.3670.0],0.008958269269364768,0.8958269269364768,0.05653392399961811,5,3320.2
industry,C(ind02_t)[T.3680.0],-0.0152438544525205,-1.5243854452520502,0.5540819543703198,7,3348.0
industry,C(ind02_t)[T.3690.0],0.011423280526261764,1.1423280526261763,1.2799280705597997,5,3306.6
industry,C(ind02_t)[T.370.0],0.0065916809223801704,0.6591680922380171,1.038731806051612,3,3465.6666666666665
industry,C(ind02_t)[T.3770.0],0.009271133453472361,0.9271133453472361,0.9511854039977541,7,3354.0
industry,C(ind02_t)[T.3780.0],-0.0036981437871156683,-0.36981437871156686,-0.3845963195270801,4,3260.0
industry,C(ind02_t)[T.3790.0],-0.014344268827878585,-1.4344268827878586,-1.4344268827878586,2,3580.0
industry,C(ind02_t)[T.380.0],0.0015983651600275236,0.1598365160027524,-0.1530943290994515,8,3471.625
industry,C(ind02_t)[T.3870.0],0.0025603736112634187,0.2560373611263419,0.6790417189719984,6,3545.6666666666665
industry,C(ind02_t)[T.3875.0],0.003962625653897148,0.3962625653897149,-0.05005666673653228,3,3133.0
industry,C(ind02_t)[T.3890.0],0.0003092825540371297,0.030928255403713006,0.046265864570972516,6,3545.6666666666665
industry,C(ind02_t)[T.3895.0],0.011889948461323347,1.1889948461323347,1.238386461262798,3,3133.0
industry,C(ind02_t)[T.390.0],0.02608882731948298,2.608882731948298,2.608882731948298,1,3263.0
industry,C(ind02_t)[T.3960.0],0.008413039934437339,0.8413039934437339,0.628530322800551,9,3408.1111111111113
industry,C(ind02_t)[T.3970.0],0.13128967129852567,13.128967129852565,1.2696496714033225,9,3408.1111111111113
industry,C(ind02_t)[T.3980.0],0.017807088724282414,1.7807088724282414,0.4149550051639027,9,3408.1111111111113
industry,C(ind02_t)[T.3990.0],0.01240079331507768,1.2400793315077676,1.0708459978695484,9,3408.1111111111113
industry,C(ind02_t)[T.4070.0],0.012459588572826268,1.2459588572826266,0.32686696491401573,9,3408.1111111111113
industry,C(ind02_t)[T.4080.0],0.006831940169061437,0.6831940169061437,0.8822663643021558,8,3471.625
industry,C(ind02_t)[T.4090.0],-0.001995451026363224,-0.19954510263632239,0.3206892494911096,9,3408.1111111111113
industry,C(ind02_t)[T.4170.0],0.014805022326998029,1.480502232699803,0.5596245597473117,9,3408.1111111111113
industry,C(ind02_t)[T.4180.0],-0.0016959946535592021,-0.16959946535592024,0.08824866659075131,8,3378.0
industry,C(ind02_t)[T.4190.0],-0.0025959850085138293,-0.259598500851383,0.3175883534357827,6,3545.6666666666665
industry,C(ind02_t)[T.4195.0],0.06269851307373152,6.269851307373151,1.6034470427624945,3,3133.0
industry,C(ind02_t)[T.4260.0],0.016960379688722937,1.6960379688722937,-0.03939715197811698,6,3545.6666666666665
industry,C(ind02_t)[T.4265.0],0.007323204298152753,0.7323204298152753,0.7324164098064427,3,3133.0
industry,C(ind02_t)[T.4270.0],0.009703969385737332,0.9703969385737334,0.6497922429229445,9,3408.1111111111113
industry,C(ind02_t)[T.4280.0],0.00579498308368625,0.5794983083686249,0.6584194706295147,9,3408.1111111111113
industry,C(ind02_t)[T.4290.0],0.006025358298644339,0.6025358298644339,0.7293395835714139,6,3444.8333333333335
industry,C(ind02_t)[T.4370.0],0.00037709982315443425,0.037709982315443424,0.5444979404859219,9,3408.1111111111113
industry,C(ind02_t)[T.4380.0],0.024487471882536437,2.4487471882536433,0.6559512868910944,9,3408.1111111111113
industry,C(ind02_t)[T.4390.0],-0.003233157521337571,-0.32331575213375713,-0.2072016511435658,8,3417.75
industry,C(ind02_t)[T.4470.0],0.0030979908547194607,0.309799085471946,0.6240236883868915,9,3408.1111111111113
industry,C(ind02_t)[T.4480.0],0.033634535414699414,3.363453541469941,1.1830878789206232,9,3408.1111111111113
industry,C(ind02_t)[T.4490.0],0.02744570195516786,2.7445701955167854,-0.2238919689595244,9,3408.1111111111113
industry,C(ind02_t)[T.4560.0],0.00043914520976013824,0.04391452097601381,-0.20412818813544947,9,3408.1111111111113
industry,C(ind02_t)[T.4570.0],0.001636906005440364,0.16369060054403636,0.17614646253723545,7,3348.0
industry,C(ind02_t)[T.4580.0],-0.0010390221974832298,-0.10390221974832298,0.5613666713433394,9,3408.1111111111113
industry,C(ind02_t)[T.4585.0],0.005568055792300706,0.5568055792300706,0.660203193198134,9,3408.1111111111113
industry,C(ind02_t)[T.4590.0],-0.01482293576123725,-1.482293576123725,-0.6011727688966406,5,3408.0
industry,C(ind02_t)[T.4670.0],0.013621563031641602,1.3621563031641604,0.4397910787414156,9,3408.1111111111113
industry,C(ind02_t)[T.4680.0],0.0011090857915492013,0.11090857915492013,-0.032281900308168965,9,3408.1111111111113
industry,C(ind02_t)[T.4690.0],0.01095449830701197,1.095449830701197,0.8644714820722834,9,3408.1111111111113
industry,C(ind02_t)[T.470.0],-0.015492648134516451,-1.549264813451645,-1.773989345479255,9,3408.1111111111113
industry,C(ind02_t)[T.4770.0],0.0008512206263226434,0.08512206263226431,0.3218375694656912,9,3408.1111111111113
industry,C(ind02_t)[T.4780.0],0.005452643467765974,0.5452643467765973,0.19016738889169874,9,3408.1111111111113
industry,C(ind02_t)[T.4790.0],0.012471667219413105,1.2471667219413105,-0.11379630764525855,6,3545.6666666666665
industry,C(ind02_t)[T.4795.0],0.002941396583182626,0.29413965831826266,0.33246572316444345,3,3133.0
industry,C(ind02_t)[T.480.0],0.0138328584181754,1.38328584181754,1.38328584181754,1,3546.0
industry,C(ind02_t)[T.4870.0],0.011956028989869354,1.1956028989869354,1.2540940629274602,9,3408.1111111111113
industry,C(ind02_t)[T.4880.0],0.030288734456878328,3.0288734456878332,0.6823461404461558,9,3408.1111111111113
industry,C(ind02_t)[T.4890.0],0.008275106949059552,0.8275106949059554,0.3367232501850932,9,3408.1111111111113
industry,C(ind02_t)[T.490.0],-0.0036143465080092554,-0.3614346508009256,0.05953379901360828,8,3378.0
industry,C(ind02_t)[T.4970.0],0.006039619811310038,0.6039619811310037,0.6530800762927107,9,3408.1111111111113
industry,C(ind02_t)[T.4980.0],0.0010144941330840177,0.10144941330840179,-0.38413928065649655,9,3408.1111111111113
industry,C(ind02_t)[T.4990.0],0.019059364620318448,1.9059364620318446,0.48264658274124106,9,3408.1111111111113
industry,C(ind02_t)[T.5070.0],0.004099543570137881,0.4099543570137881,-0.6190630151808915,9,3408.1111111111113
industry,C(ind02_t)[T.5080.0],-0.004926094576244903,-0.4926094576244904,-0.2837124583239035,9,3408.1111111111113
industry,C(ind02_t)[T.5090.0],0.010359934764274178,1.0359934764274177,-0.05349900575450702,9,3408.1111111111113
industry,C(ind02_t)[T.5170.0],0.007045478044764194,0.7045478044764193,-0.11908361474110767,9,3408.1111111111113
industry,C(ind02_t)[T.5180.0],-0.006514707543659392,-0.6514707543659392,0.1649479614000895,9,3408.1111111111113
industry,C(ind02_t)[T.5190.0],-0.006183048226276747,-0.6183048226276746,-0.18550651481411498,9,3408.1111111111113
industry,C(ind02_t)[T.5270.0],0.02030501849918864,2.030501849918864,0.07807202077508393,6,3545.6666666666665
industry,C(ind02_t)[T.5275.0],-0.0005284275976632698,-0.05284275976632694,-0.42391437614149885,3,3133.0
industry,C(ind02_t)[T.5280.0],0.05902331071086734,5.902331071086734,-0.40815675773506943,7,3413.0
industry,C(ind02_t)[T.5290.0],-0.015816499971641935,-1.5816499971641933,0.450834326816181,5,3545.6
industry,C(ind02_t)[T.5295.0],-0.005216027049903711,-0.5216027049903711,-0.5216027049903711,1,3263.0
industry,C(ind02_t)[T.5370.0],0.03604309022203955,3.6043090222039558,0.4877406534340201,9,3408.1111111111113
industry,C(ind02_t)[T.5380.0],0.011597698397935405,1.1597698397935405,1.0710791569965097,9,3408.1111111111113
industry,C(ind02_t)[T.5390.0],-0.0024277484631096387,-0.24277484631096385,0.011805410697404966,9,3408.1111111111113
industry,C(ind02_t)[T.5470.0],-0.01790797254542306,-1.7907972545423059,-0.26351426891778224,9,3408.1111111111113
industry,C(ind02_t)[T.5480.0],0.09984770671344277,9.984770671344279,0.7792502941863382,9,3408.1111111111113
industry,C(ind02_t)[T.5490.0],0.018227036220565776,1.8227036220565773,0.6151015671993103,9,3408.1111111111113
industry,C(ind02_t)[T.5570.0],-0.006577399803483854,-0.6577399803483854,-0.20668756870904265,6,3429.6666666666665
industry,C(ind02_t)[T.5580.0],-0.003928214631120361,-0.39282146311203614,-0.14686035461609642,9,3408.1111111111113
industry,C(ind02_t)[T.5590.0],-0.0009727327510095762,-0.09727327510095762,0.2850192636382215,8,3377.25
industry,C(ind02_t)[T.5591.0],0.004250637012554416,0.4250637012554416,0.4250637012554416,1,3649.0
industry,C(ind02_t)[T.5592.0],-0.009380894134118705,-0.9380894134118705,0.24483838546866954,8,3378.0
industry,C(ind02_t)[T.5670.0],0.05634219001806673,5.634219001806673,0.7197378635116898,7,3453.4285714285716
industry,C(ind02_t)[T.5680.0],-0.0037385458911459567,-0.37385458911459574,0.628248559537362,9,3408.1111111111113
industry,C(ind02_t)[T.5690.0],-0.0009405046442087684,-0.09405046442087676,0.1637177555507836,9,3408.1111111111113
industry,C(ind02_t)[T.570.0],0.006435408187309699,0.64354081873097,-0.7952516923641715,9,3408.1111111111113
industry,C(ind02_t)[T.5790.0],0.059156691713269996,5.915669171327,0.6115007049164481,9,3408.1111111111113
industry,C(ind02_t)[T.580.0],-0.009317992648849737,-0.9317992648849737,-1.7242744482061378,9,3408.1111111111113
industry,C(ind02_t)[T.590.0],-0.00738234398946604,-0.7382343989466039,-1.3762341038200616,9,3408.1111111111113
industry,C(ind02_t)[T.6070.0],0.011544873685207235,1.1544873685207238,-0.08043809336084583,9,3408.1111111111113
industry,C(ind02_t)[T.6080.0],0.06504198208290332,6.504198208290333,1.31521153799452,9,3408.1111111111113
industry,C(ind02_t)[T.6090.0],0.00962375496642405,0.962375496642405,-0.32824185465585837,5,3424.6
industry,C(ind02_t)[T.6170.0],0.015079301004992286,1.5079301004992285,1.0503933228599032,9,3408.1111111111113
industry,C(ind02_t)[T.6180.0],0.14143199869550768,14.14319986955077,9.565575806232394,9,3408.1111111111113
industry,C(ind02_t)[T.6190.0],-0.0022471205257702568,-0.2247120525770257,-0.13790286739953136,9,3408.1111111111113
industry,C(ind02_t)[T.6270.0],-0.0698558041531074,-6.985580415310739,-6.985580415310739,2,3597.5
industry,C(ind02_t)[T.6280.0],0.01566514845583205,1.5665148455832048,1.5665148455832048,2,3546.5
industry,C(ind02_t)[T.6290.0],0.009552533919229248,0.9552533919229249,0.15438457790042295,9,3408.1111111111113
industry,C(ind02_t)[T.6370.0],-0.008518994403530017,-0.8518994403530016,-1.5595272522842238,9,3408.1111111111113
industry,C(ind02_t)[T.6380.0],0.013912334393031677,1.3912334393031678,1.9301406227637805,9,3408.1111111111113
industry,C(ind02_t)[T.6390.0],0.011458111244827006,1.1458111244827007,0.5635900155999132,9,3408.1111111111113
industry,C(ind02_t)[T.6470.0],0.015307220993039808,1.5307220993039812,0.2787145761163042,9,3408.1111111111113
industry,C(ind02_t)[T.6480.0],-0.009948608776064214,-0.9948608776064213,0.08860275751809923,9,3408.1111111111113
industry,C(ind02_t)[T.6490.0],0.10095065751877608,10.095065751877607,0.4613822254176947,5,3255.2
industry,C(ind02_t)[T.6570.0],-0.00701650478158547,-0.701650478158547,-0.04806804787504991,9,3408.1111111111113
industry,C(ind02_t)[T.6590.0],-0.0004165586201605449,-0.04165586201605448,-0.04165586201605448,2,3577.0
industry,C(ind02_t)[T.6670.0],0.004417055752543911,0.4417055752543912,-0.3996226161070661,9,3408.1111111111113
industry,C(ind02_t)[T.6672.0],0.2026970081741482,20.269700817414822,1.0374127405366687,5,3310.6
industry,C(ind02_t)[T.6680.0],0.0017115715982512962,0.17115715982512958,0.14300558651810666,9,3408.1111111111113
industry,C(ind02_t)[T.6690.0],0.0007431041157433272,0.07431041157433271,0.12912681474378487,9,3408.1111111111113
industry,C(ind02_t)[T.6692.0],-0.029700533083584866,-2.970053308358487,-2.970053308358487,1,3655.0
industry,C(ind02_t)[T.6695.0],0.002761784551892647,0.2761784551892647,0.4223677540638707,8,3390.875
industry,C(ind02_t)[T.670.0],0.03909158019703535,3.9091580197035354,0.09502392276548757,8,3378.0
industry,C(ind02_t)[T.6770.0],0.23164850432761006,23.164850432761003,24.811265269233488,8,3426.25
industry,C(ind02_t)[T.6780.0],-0.01652932056583201,-1.652932056583201,-0.6928265695052503,4,3452.5
industry,C(ind02_t)[T.680.0],0.21044828404406096,21.044828404406097,1.2503233832622676,7,3354.0
industry,C(ind02_t)[T.6870.0],0.00555785294852844,0.555785294852844,0.6522621907870608,9,3408.1111111111113
industry,C(ind02_t)[T.6880.0],-0.0005582962311035129,-0.05582962311035128,0.09696378126938379,8,3471.625
industry,C(ind02_t)[T.6890.0],0.010189506426929042,1.0189506426929043,0.5189396383517142,9,3408.1111111111113
industry,C(ind02_t)[T.690.0],-0.017705095342464002,-1.7705095342464,-0.38360302487366,3,3524.6666666666665
industry,C(ind02_t)[T.6970.0],0.008730363890371788,0.8730363890371788,0.6795092869082466,9,3408.1111111111113
industry,C(ind02_t)[T.6990.0],0.0161511568019352,1.6151156801935198,1.8645873101949417,9,3408.1111111111113
industry,C(ind02_t)[T.7070.0],0.025153645307549675,2.5153645307549675,1.8046848352817926,9,3408.1111111111113
industry,C(ind02_t)[T.7080.0],8.395455800622832e-05,0.008395455800622818,0.6706107842140997,9,3408.1111111111113
industry,C(ind02_t)[T.7170.0],0.08673874494692661,8.673874494692662,-0.1803878073437847,4,3324.0
industry,C(ind02_t)[T.7180.0],-0.003133597286152857,-0.31335972861528566,-0.7276399074176078,9,3408.1111111111113
industry,C(ind02_t)[T.7190.0],-0.004858226694441538,-0.4858226694441538,-0.6071674063533045,8,3471.625
industry,C(ind02_t)[T.7270.0],0.02645198959769354,2.6451989597693544,2.7262272600006603,9,3408.1111111111113
industry,C(ind02_t)[T.7280.0],0.013868293818698066,1.3868293818698065,0.8811300217915904,9,3408.1111111111113
industry,C(ind02_t)[T.7290.0],0.02040090822374345,2.040090822374345,1.3420600482416007,9,3408.1111111111113
industry,C(ind02_t)[T.7370.0],-0.014419680005310052,-1.4419680005310052,0.1604758583828028,9,3408.1111111111113
industry,C(ind02_t)[T.7380.0],0.01206417605062167,1.2064176050621669,0.9963073451524118,9,3408.1111111111113
industry,C(ind02_t)[T.7390.0],0.016647544537198643,1.6647544537198642,1.1120595250926835,9,3408.1111111111113
industry,C(ind02_t)[T.7460.0],0.01327718984638936,1.3277189846389357,0.1125475877838027,9,3408.1111111111113
industry,C(ind02_t)[T.7470.0],4.9955303475174066e-05,0.004995530347517343,-0.20801026997757846,9,3408.1111111111113
industry,C(ind02_t)[T.7480.0],-0.003149907524325391,-0.31499075243253905,-0.9262030709350391,9,3408.1111111111113
industry,C(ind02_t)[T.7490.0],0.03645447322617276,3.6454473226172763,0.8409158854361789,9,3408.1111111111113
industry,C(ind02_t)[T.7570.0],0.052800933439571075,5.280093343957107,0.18418282498373012,8,3377.25
industry,C(ind02_t)[T.7580.0],0.04151316579783694,4.1513165797836935,4.7468162801127765,9,3408.1111111111113
industry,C(ind02_t)[T.7590.0],0.010592846256014556,1.0592846256014556,0.1984181621230347,9,3408.1111111111113
industry,C(ind02_t)[T.7670.0],0.017238860542974386,1.7238860542974386,-0.07374813635831136,9,3408.1111111111113
industry,C(ind02_t)[T.7680.0],-0.00312477540117626,-0.3124775401176259,1.05274381775705,9,3408.1111111111113
industry,C(ind02_t)[T.7690.0],0.027199761207093862,2.719976120709386,2.838533099514343,9,3408.1111111111113
industry,C(ind02_t)[T.770.0],0.004387491831952824,0.4387491831952825,0.3311440547041008,9,3408.1111111111113
industry,C(ind02_t)[T.7770.0],0.012745291012320418,1.2745291012320417,0.7611013201217449,9,3408.1111111111113
industry,C(ind02_t)[T.7780.0],0.008274849945420704,0.8274849945420704,0.10747374449816992,9,3408.1111111111113
industry,C(ind02_t)[T.7790.0],0.02497254549040851,2.4972545490408513,2.281068851621142,9,3408.1111111111113
industry,C(ind02_t)[T.7860.0],0.28884126293671947,28.884126293671947,30.082160018176086,9,3408.1111111111113
industry,C(ind02_t)[T.7870.0],0.09311197250703339,9.311197250703339,8.316062754792968,9,3408.1111111111113
industry,C(ind02_t)[T.7880.0],0.02847700232118325,2.8477002321183247,-0.10946737312206628,8,3417.75
industry,C(ind02_t)[T.7890.0],0.03679133153193162,3.6791331531931624,2.8491741929353323,9,3408.1111111111113
industry,C(ind02_t)[T.7970.0],0.013838049093889408,1.3838049093889409,1.8026467287853816,9,3408.1111111111113
industry,C(ind02_t)[T.7980.0],0.022440024867835206,2.24400248678352,2.6925139756350145,9,3408.1111111111113
industry,C(ind02_t)[T.7990.0],0.0010044211208553658,0.1004421120855366,-0.3409938988920603,8,3377.25
industry,C(ind02_t)[T.8070.0],-0.000926922429108938,-0.09269224291089381,-0.9469146716508284,9,3408.1111111111113
industry,C(ind02_t)[T.8080.0],0.014556665288312298,1.4556665288312303,0.04732783467639429,8,3378.0
industry,C(ind02_t)[T.8090.0],0.0034845326192167753,0.3484532619216776,-0.24533434419259037,9,3408.1111111111113
industry,C(ind02_t)[T.8170.0],0.045887147553891144,4.588714755389116,2.4021537687607224,9,3408.1111111111113
industry,C(ind02_t)[T.8180.0],0.029791565473516093,2.979156547351609,2.5883687838643104,9,3408.1111111111113
industry,C(ind02_t)[T.8190.0],0.020988356627346827,2.098835662734683,2.0255737430664684,9,3408.1111111111113
industry,C(ind02_t)[T.8270.0],0.012181186917138967,1.2181186917138969,0.002914337267149146,9,3408.1111111111113
industry,C(ind02_t)[T.8290.0],0.05123737605327286,5.123737605327285,3.642209228246269,9,3408.1111111111113
industry,C(ind02_t)[T.8370.0],0.08206027507649447,8.206027507649445,7.948192552821966,9,3408.1111111111113
industry,C(ind02_t)[T.8380.0],0.055758763078798214,5.575876307879822,0.5156996669620226,8,3471.625
industry,C(ind02_t)[T.8390.0],0.08729697375516945,8.729697375516944,1.0897767472396445,9,3408.1111111111113
industry,C(ind02_t)[T.8470.0],0.060594234151287174,6.059423415128718,7.215679453075055,9,3408.1111111111113
industry,C(ind02_t)[T.8560.0],0.013116971283009147,1.3116971283009147,-0.38700911808802146,9,3408.1111111111113
industry,C(ind02_t)[T.8570.0],0.1342289980116553,13.422899801165528,-0.22520025919532377,9,3408.1111111111113
industry,C(ind02_t)[T.8580.0],-0.009392174736735185,-0.9392174736735187,-0.6984003551494785,6,3487.0
industry,C(ind02_t)[T.8590.0],0.024575241891558165,2.457524189155816,3.3927929150952525,9,3408.1111111111113
industry,C(ind02_t)[T.8660.0],0.015188748123800314,1.5188748123800313,-0.06910364652646518,9,3408.1111111111113
industry,C(ind02_t)[T.8670.0],-0.0075204998495769495,-0.7520499849576948,-0.5669360881355243,7,3505.285714285714
industry,C(ind02_t)[T.8680.0],0.016151722858454294,1.6151722858454294,1.416620056732148,9,3408.1111111111113
industry,C(ind02_t)[T.8690.0],0.009369904926398465,0.9369904926398465,0.6000258932212467,9,3408.1111111111113
industry,C(ind02_t)[T.8770.0],0.0008585231484673418,0.08585231484673425,0.13301771694007644,9,3408.1111111111113
industry,C(ind02_t)[T.8780.0],-0.005731325912137867,-0.5731325912137868,0.7135687118224842,9,3408.1111111111113
industry,C(ind02_t)[T.8790.0],-0.0040865535734997726,-0.40865535734997727,-0.7278986703502341,9,3408.1111111111113
industry,C(ind02_t)[T.8870.0],0.002506581294679135,0.25065812946791355,0.14792684963011743,9,3408.1111111111113
industry,C(ind02_t)[T.8880.0],0.002634104551683952,0.2634104551683952,-0.2977832341259808,9,3408.1111111111113
industry,C(ind02_t)[T.8970.0],-0.008169467255088983,-0.8169467255088982,0.35481045490038127,7,3505.285714285714
industry,C(ind02_t)[T.8980.0],-0.003944081353921804,-0.3944081353921804,-0.4951048904789499,9,3408.1111111111113
industry,C(ind02_t)[T.8990.0],0.018231088878759925,1.8231088878759927,0.6451065274553407,8,3429.625
industry,C(ind02_t)[T.9070.0],0.026598666393778194,2.659866639377819,0.24468091677445342,9,3408.1111111111113
industry,C(ind02_t)[T.9080.0],-0.00485200245590111,-0.485200245590111,0.19664941765801502,9,3408.1111111111113
industry,C(ind02_t)[T.9090.0],-0.008891785119536642,-0.8891785119536644,-0.2516665525349078,9,3408.1111111111113
industry,C(ind02_t)[T.9160.0],0.001791916076908681,0.17919160769086803,0.10793131356004027,9,3408.1111111111113
industry,C(ind02_t)[T.9170.0],0.016633171558898284,1.6633171558898285,0.7729279549946707,9,3408.1111111111113
industry,C(ind02_t)[T.9180.0],0.09659971585305203,9.659971585305202,-2.0528389652318233,9,3408.1111111111113
industry,C(ind02_t)[T.9190.0],0.012118413790594983,1.2118413790594984,0.3583009643142455,9,3408.1111111111113
industry,C(ind02_t)[T.9290.0],0.010522995070694457,1.0522995070694456,0.5840849310748989,9,3408.1111111111113
industry,C(ind02_t)[T.9370.0],0.13790684852141336,13.790684852141338,1.6131781895130786,9,3408.1111111111113
industry,C(ind02_t)[T.9380.0],0.035517175059728325,3.5517175059728325,-0.9232849043637132,8,3429.625
industry,C(ind02_t)[T.9390.0],-0.018645311659662735,-1.8645311659662733,-0.7290181150000743,6,3534.3333333333335
industry,C(ind02_t)[T.9470.0],0.22449742199262956,22.449742199262957,21.06621217258701,9,3408.1111111111113
industry,C(ind02_t)[T.9480.0],0.1521256033348241,15.21256033348241,12.58084144749841,9,3408.1111111111113
industry,C(ind02_t)[T.9490.0],0.03767729593767807,3.767729593767807,2.030626000980444,7,3338.4285714285716
industry,C(ind02_t)[T.9570.0],0.014972025092539377,1.4972025092539378,1.091341618088405,9,3408.1111111111113
industry,C(ind02_t)[T.9590.0],0.03556900621491986,3.5569006214919856,1.2817703792012667,9,3408.1111111111113
occupation,C(docc00_t)[T.10.0],-0.00230865178816596,-0.2308651788165961,0.3069522796004399,9,3408.1111111111113
occupation,C(docc00_t)[T.11.0],0.0034942322428526576,0.34942322428526573,0.4255319399861731,9,3408.1111111111113
occupation,C(docc00_t)[T.12.0],0.05219145297386701,5.219145297386701,0.8311316752553113,9,3408.1111111111113
occupation,C(docc00_t)[T.13.0],-0.006653355916266035,-0.6653355916266036,-0.8704074216174249,9,3408.1111111111113
occupation,C(docc00_t)[T.14.0],0.005884315059432956,0.5884315059432959,1.286464829097556,9,3408.1111111111113
occupation,C(docc00_t)[T.15.0],0.0013183811732367995,0.13183811732367992,0.12649684854332854,9,3408.1111111111113
occupation,C(docc00_t)[T.16.0],0.001925316910586206,0.19253169105862064,0.5803949798927441,9,3408.1111111111113
occupation,C(docc00_t)[T.17.0],7.852287513414932e-05,0.007852287513414971,0.34307480063645523,9,3408.1111111111113
occupation,C(docc00_t)[T.18.0],0.0036663654347305363,0.36663654347305363,0.004903718464071335,9,3408.1111111111113
occupation,C(docc00_t)[T.19.0],-0.003138943950981795,-0.3138943950981795,-0.22416965701119174,9,3408.1111111111113
occupation,C(docc00_t)[T.2.0],-0.0011191482730900754,-0.11191482730900752,-0.48067783123718294,9,3408.1111111111113
occupation,C(docc00_t)[T.20.0],0.0013956048289259333,0.13956048289259335,-0.6679273561083263,9,3408.1111111111113
occupation,C(docc00_t)[T.21.0],-0.0035772687529098354,-0.3577268752909835,-0.3297587956379145,9,3408.1111111111113
occupation,C(docc00_t)[T.22.0],-1.277665030691695e-05,-0.0012776650306916488,-0.2507572874513313,9,3408.1111111111113
occupation,C(docc00_t)[T.3.0],-0.0001979903808530749,-0.0197990380853075,0.21656409717566655,9,3408.1111111111113
occupation,C(docc00_t)[T.4.0],-0.003767453676603794,-0.3767453676603794,-0.568688312620167,9,3408.1111111111113
occupation,C(docc00_t)[T.5.0],0.0013525863789280743,0.1352586378928074,-0.7218945341522693,9,3408.1111111111113
occupation,C(docc00_t)[T.6.0],0.015401973142798024,1.5401973142798024,1.4364922016744872,9,3408.1111111111113
occupation,C(docc00_t)[T.7.0],-0.006981140625457897,-0.6981140625457898,-0.6031717759180328,9,3408.1111111111113
occupation,C(docc00_t)[T.8.0],0.020903331212465206,2.0903331212465206,1.0112686099934562,9,3408.1111111111113
occupation,C(docc00_t)[T.9.0],0.026001282893178584,2.6001282893178583,2.995990932536177,9,3408.1111111111113
race,C(race_t)[T.10],-0.01496053127909,-1.4960531279090001,-0.39301211976100825,7,3501.4285714285716
race,C(race_t)[T.12],-0.025630725312517397,-2.56307253125174,-2.56307253125174,1,3505.0
race,C(race_t)[T.13],-0.017001634147648007,-1.7001634147648006,-1.7001634147648006,2,3621.5
race,C(race_t)[T.15],-0.0016851985249363415,-0.16851985249363421,-0.16851985249363421,2,3652.0
race,C(race_t)[T.16],0.14786269296738366,14.786269296738368,0.8938578553856501,3,3164.6666666666665
race,C(race_t)[T.17],-0.0024946369884998217,-0.24946369884998215,-0.24946369884998215,1,3331.0
race,C(race_t)[T.2],0.00593504968424442,0.593504968424442,0.5504382694996487,9,3408.1111111111113
race,C(race_t)[T.3],0.027322577473710925,2.732257747371092,-0.2776391661907114,9,3408.1111111111113
race,C(race_t)[T.4],-0.0005503836568579353,-0.05503836568579354,-0.7720961177229878,9,3408.1111111111113
race,C(race_t)[T.5],-0.027831405261691047,-2.7831405261691042,-1.9917877905860744,9,3408.1111111111113
race,C(race_t)[T.6],0.03049364904963027,3.0493649049630265,1.9247549183521653,9,3408.1111111111113
race,C(race_t)[T.7],-0.023875466346803424,-2.3875466346803424,-2.5226273770118537,9,3408.1111111111113
race,C(race_t)[T.8],0.014373755414682868,1.4373755414682867,-1.472800175689164,9,3408.1111111111113
race,C(race_t)[T.9],0.14973252671380455,14.973252671380456,-2.240280607504396,5,3247.0
sex,C(sex_t)[T.2],0.0009663435253740823,0.09663435253740821,0.14849485403048818,9,3408.1111111111113
treatment,illinois,-0.00461445603107548,-0.46144560310754795,-0.4483587910447801,9,3408.1111111111113
union,C(unioncov_t)[T.2.0],-0.012044318649283993,-1.2044318649283992,-2.632003834763702,9,3408.1111111111113
union,C(unioncov_t)[T.MISSING],0.010347719509582359,1.0347719509582358,1.308761232244353,9,3408.1111111111113
union,C(unionmme_t)[T.2.0],-0.003574868380316799,-0.3574868380316798,-0.0695807677415459,9,3408.1111111111113
