pair,pair_code,term,coef,coef_pct_points,std_err,std_err_pct_points,p_value,ci_low_pct_points,ci_high_pct_points,nobs,r_squared,weight_var,file,beta_hat,se_beta,y0,y1,post,second_stage_weight
2008-2009,809,illinois,0.0536900847770649,5.369008477706495,0.0343616871945656,3.436168719456563,0.1181705984218483,-1.3657584572314856,12.103775412644474,693,0.2221208994341836,earnwt_t,analytic_sample_0809_retention.csv,0.0536900847770649,0.0343616871945656,2008,2009,0,846.9368708602736
2009-2010,910,illinois,0.0478141755185989,4.781417551859893,0.0323836704553171,3.23836704553171,0.1398123155722116,-1.56566522610364,11.128500329823426,689,0.1630276505269368,earnwt_t,analytic_sample_0910_retention.csv,0.0478141755185989,0.0323836704553171,2009,2010,0,953.5596318592965
2010-2011,1011,illinois,0.0636626972079065,6.366269720790658,0.0332096225045517,3.3209622504551706,0.0552385021557944,-0.1426966841185623,12.87523612569988,645,0.2760742112635699,earnwt_t,analytic_sample_1011_retention.csv,0.0636626972079065,0.0332096225045517,2010,2011,0,906.7177592591598
2011-2012,1112,illinois,0.0284394392714213,2.8439439271421323,0.0352464564225052,3.5246456422505212,0.4197392432709966,-4.064234589934937,9.752122444219202,593,0.2482346265518156,earnwt_t,analytic_sample_1112_retention.csv,0.0284394392714213,0.0352464564225052,2011,2012,1,804.9503219060355
2012-2013,1213,illinois,0.0636013955615369,6.3601395561536975,0.0349565148022213,3.4956514802221346,0.0688438305101076,-0.4912114475858153,13.21149055989321,584,0.2306554469281969,earnwt_t,analytic_sample_1213_retention.csv,0.0636013955615369,0.0349565148022213,2012,2013,1,818.3587812704634
2013-2014,1314,illinois,0.0488630321976003,4.8863032197600385,0.0388737354390049,3.887373543900496,0.2087653097725085,-2.732808920738769,12.505415360258846,562,0.2706871679615602,earnwt_t,analytic_sample_1314_retention.csv,0.0488630321976003,0.0388737354390049,2013,2014,1,661.7400967979514
2014-2015,1415,illinois,-0.0216292251698924,-2.162922516989247,0.0381107258048094,3.8110725804809418,0.5703497848436563,-9.63248751720002,5.306642483221525,496,0.2702953784260596,earnwt_t,analytic_sample_1415_retention.csv,-0.0216292251698924,0.0381107258048094,2014,2015,1,688.5025614961115
2015-2016,1516,illinois,-0.0751774774795199,-7.517747747951997,0.0399038563489977,3.9903856348997735,0.0595696802282353,-15.338759876781548,0.3032643808775562,556,0.2877110124607603,earnwt_t,analytic_sample_1516_retention.csv,-0.0751774774795199,0.0399038563489977,2015,2016,1,628.0153562594587
2016-2017,1617,illinois,-0.0235225341739675,-2.35225341739675,0.0414623053393251,4.146230533932515,0.5704945122654734,-10.478715935504756,5.774209100711257,518,0.2558967096173768,earnwt_t,analytic_sample_1617_retention.csv,-0.0235225341739675,0.0414623053393251,2016,2017,1,581.6920239269692
